-- phpMyAdmin SQL Dump
-- version 5.2.1
-- https://www.phpmyadmin.net/
--
-- Host: 127.0.0.1
-- Generation Time: Apr 23, 2024 at 10:46 AM
-- Server version: 10.4.32-MariaDB
-- PHP Version: 8.2.12

SET SQL_MODE = "NO_AUTO_VALUE_ON_ZERO";
START TRANSACTION;
SET time_zone = "+00:00";


/*!40101 SET @OLD_CHARACTER_SET_CLIENT=@@CHARACTER_SET_CLIENT */;
/*!40101 SET @OLD_CHARACTER_SET_RESULTS=@@CHARACTER_SET_RESULTS */;
/*!40101 SET @OLD_COLLATION_CONNECTION=@@COLLATION_CONNECTION */;
/*!40101 SET NAMES utf8mb4 */;

--
-- Database: `galerifotoo`
--

-- --------------------------------------------------------

--
-- Table structure for table `komentar_foto`
--

CREATE TABLE `komentar_foto` (
  `komentarID` int(11) NOT NULL,
  `image_id` int(11) NOT NULL,
  `admin_id` int(11) NOT NULL,
  `admin_name` varchar(50) NOT NULL,
  `isi_komentar` text NOT NULL,
  `tanggal_komentar` timestamp NOT NULL DEFAULT current_timestamp() ON UPDATE current_timestamp()
) ENGINE=InnoDB DEFAULT CHARSET=utf8mb4 COLLATE=utf8mb4_general_ci;

-- --------------------------------------------------------

--
-- Table structure for table `tb_admin`
--

CREATE TABLE `tb_admin` (
  `admin_id` int(11) NOT NULL,
  `admin_name` varchar(50) NOT NULL,
  `username` varchar(50) NOT NULL,
  `password` varchar(100) NOT NULL,
  `admin_telp` varchar(20) NOT NULL,
  `admin_email` varchar(50) NOT NULL,
  `admin_address` text NOT NULL
) ENGINE=InnoDB DEFAULT CHARSET=latin1 COLLATE=latin1_swedish_ci;

--
-- Dumping data for table `tb_admin`
--

INSERT INTO `tb_admin` (`admin_id`, `admin_name`, `username`, `password`, `admin_telp`, `admin_email`, `admin_address`) VALUES
(2, 'Lili', 'lili', '123', '0895615743889', 'lili@gmail.com', 'Jatiwangi'),
(3, 'Riri', 'riri', '1234', '083465312756', 'riri@gmail.com', 'Majalengka'),
(4, 'Kiki', 'kiki', '12345', '083325487452', 'kiki@gmail.com', 'Rajagaluh');

-- --------------------------------------------------------

--
-- Table structure for table `tb_category`
--

CREATE TABLE `tb_category` (
  `category_id` int(11) NOT NULL,
  `category_name` varchar(25) NOT NULL
) ENGINE=InnoDB DEFAULT CHARSET=latin1 COLLATE=latin1_swedish_ci;

--
-- Dumping data for table `tb_category`
--

INSERT INTO `tb_category` (`category_id`, `category_name`) VALUES
(14, 'Perjalanan'),
(15, 'Bawah Air'),
(16, 'Hewan Peliharaan'),
(17, 'Satwa Liar'),
(18, 'Makanan'),
(19, 'Olahraga'),
(20, 'Fashion'),
(21, 'Seni Rupa'),
(22, 'Dokumenter'),
(23, 'Arsitektur');

-- --------------------------------------------------------

--
-- Table structure for table `tb_image`
--

CREATE TABLE `tb_image` (
  `image_id` int(11) NOT NULL,
  `category_id` int(11) NOT NULL,
  `category_name` varchar(100) NOT NULL,
  `admin_id` int(11) NOT NULL,
  `admin_name` varchar(100) NOT NULL,
  `image_name` varchar(100) NOT NULL,
  `image_description` text NOT NULL,
  `image` varchar(100) NOT NULL,
  `image_status` tinyint(1) NOT NULL,
  `date_created` timestamp NOT NULL DEFAULT current_timestamp() ON UPDATE current_timestamp()
) ENGINE=InnoDB DEFAULT CHARSET=latin1 COLLATE=latin1_swedish_ci;

--
-- Dumping data for table `tb_image`
--

INSERT INTO `tb_image` (`image_id`, `category_id`, `category_name`, `admin_id`, `admin_name`, `image_name`, `image_description`, `image`, `image_status`, `date_created`) VALUES
(34, 16, 'Hewan Peliharaan', 2, 'lili', 'Kucing ', 'Kucing yang digemari semua orang.', 'kucing.jpg', 1, '2024-04-23 03:41:47'),
(35, 14, 'Perjalanan', 2, 'lili', 'Burger', 'Makanan ini yang dinikmati oleh orang\" walaupun sebagian orang yang menikmati nya.', 'burger.jpg', 1, '2024-04-23 06:58:32'),
(36, 20, 'Fashion', 3, 'riri', 'Mendesain Baju', 'Menciptakan pakaian atau aksesoreis yang dipakai seseorang setiap hari dalam kehidupann harian dan juga acara tertentu untuk menunjang penampilan. ', 'fashion.jpg', 0, '2024-04-23 07:04:19'),
(37, 14, 'Perjalanan', 3, 'riri', 'Situ Cipanten', 'Merupakan danau indah yang ditambah ikan di dalam nya.', 'cipanten.jpg', 0, '2024-04-23 07:07:22'),
(38, 14, 'Perjalanan', 4, 'kiki', 'Panyaweuyan', 'Sebuah perbukitan yang berupa hamparan sawah tinggi namun.', 'panyaweuyan.jpg', 0, '2024-04-23 07:08:48'),
(39, 19, 'Olahraga', 4, 'kiki', 'Olahraga', 'Suatu aktifitas yang membuat daya tahan tubuh menjadi vit.', 'olahraga.jpg', 0, '2024-04-23 07:10:43');

-- --------------------------------------------------------

--
-- Table structure for table `tb_like`
--

CREATE TABLE `tb_like` (
  `like_id` int(11) NOT NULL,
  `image_id` int(11) NOT NULL,
  `admin_name` varchar(50) NOT NULL,
  `suka` int(11) NOT NULL,
  `tanggal_like` timestamp NOT NULL DEFAULT current_timestamp() ON UPDATE current_timestamp()
) ENGINE=InnoDB DEFAULT CHARSET=utf8mb4 COLLATE=utf8mb4_general_ci;

--
-- Indexes for dumped tables
--

--
-- Indexes for table `komentar_foto`
--
ALTER TABLE `komentar_foto`
  ADD PRIMARY KEY (`komentarID`),
  ADD KEY `image_id` (`image_id`),
  ADD KEY `admin_id` (`admin_id`),
  ADD KEY `admin_name` (`admin_name`);

--
-- Indexes for table `tb_admin`
--
ALTER TABLE `tb_admin`
  ADD PRIMARY KEY (`admin_id`);

--
-- Indexes for table `tb_category`
--
ALTER TABLE `tb_category`
  ADD PRIMARY KEY (`category_id`),
  ADD KEY `category_id` (`category_id`);

--
-- Indexes for table `tb_image`
--
ALTER TABLE `tb_image`
  ADD PRIMARY KEY (`image_id`),
  ADD KEY `category_id` (`category_id`),
  ADD KEY `admin_id` (`admin_id`);

--
-- Indexes for table `tb_like`
--
ALTER TABLE `tb_like`
  ADD PRIMARY KEY (`like_id`),
  ADD KEY `image_id` (`image_id`,`admin_name`);

--
-- AUTO_INCREMENT for dumped tables
--

--
-- AUTO_INCREMENT for table `tb_admin`
--
ALTER TABLE `tb_admin`
  MODIFY `admin_id` int(11) NOT NULL AUTO_INCREMENT, AUTO_INCREMENT=6;

--
-- AUTO_INCREMENT for table `tb_category`
--
ALTER TABLE `tb_category`
  MODIFY `category_id` int(11) NOT NULL AUTO_INCREMENT, AUTO_INCREMENT=24;

--
-- AUTO_INCREMENT for table `tb_image`
--
ALTER TABLE `tb_image`
  MODIFY `image_id` int(11) NOT NULL AUTO_INCREMENT, AUTO_INCREMENT=44;

--
-- Constraints for dumped tables
--

--
-- Constraints for table `komentar_foto`
--
ALTER TABLE `komentar_foto`
  ADD CONSTRAINT `komentar_foto_ibfk_1` FOREIGN KEY (`image_id`) REFERENCES `tb_image` (`image_id`) ON DELETE CASCADE ON UPDATE CASCADE;

--
-- Constraints for table `tb_image`
--
ALTER TABLE `tb_image`
  ADD CONSTRAINT `tb_image_ibfk_1` FOREIGN KEY (`admin_id`) REFERENCES `tb_admin` (`admin_id`),
  ADD CONSTRAINT `tb_image_ibfk_2` FOREIGN KEY (`category_id`) REFERENCES `tb_category` (`category_id`);

--
-- Constraints for table `tb_like`
--
ALTER TABLE `tb_like`
  ADD CONSTRAINT `tb_like_ibfk_1` FOREIGN KEY (`image_id`) REFERENCES `tb_image` (`image_id`) ON DELETE CASCADE ON UPDATE CASCADE;
COMMIT;

/*!40101 SET CHARACTER_SET_CLIENT=@OLD_CHARACTER_SET_CLIENT */;
/*!40101 SET CHARACTER_SET_RESULTS=@OLD_CHARACTER_SET_RESULTS */;
/*!40101 SET COLLATION_CONNECTION=@OLD_COLLATION_CONNECTION */;
